1,Google Mobile Services,Lcom/google/android/gms
2,Google Ads,Lcom/google/ads
3,Unknown,Lcom/sdkbox/services
4,Unknown,Lcom/sdkbox/adbooster
5,Android Support v4,Landroid/support/v4
6,Android Support v7,Landroid/support/v7
7,Firebase,Lcom/google/firebase
8,Unknown,Landroid/support/constraint
9,Unknown,Landroid/support/graphics
10,Multidex,Landroid/support/multidex
11,Android Support Design,Landroid/support/design
12,Google Play,Lcom/android/vending
13,Unknown,Landroid/support/transition
14,Glide,Lcom/bumptech/glide
15,Google Gson,Lcom/google/gson
16,OkHttp,Lcom/squareup/okhttp
17,Crashlytics,Lcom/crashlytics/android
18,butterknife UI Framework,Lbutterknife
19,OKHttp3.0,Lokhttp3
20,RxJava Retrofit,Lrx/internal
21,Unknown,Lcom/localytics
22,Unknown,Lcom/crashlytics
23,ActionBarSherlock,Lcom/actionbarsherlock
24,picasso,Lcom/squareup/picasso
25,Nostra13 Image Loading,Lcom/nostra13
26,Unknown,Lcom/edmodo
27,Unknown,Lcom/example
28,Andengine Game Engine,Lorg/andengine
29,ACRA (Application Crash Reports for Android),Lorg/acra
30,Apache Http,Lorg/apache/http
31,XML Pull,Lorg/xmlpull
32,Nine Old Androids,Lcom/nineoldandroids
33,millennialmedia,Lcom/millennialmedia
34,J256,Lcom/j256
35,Mobeta ListView,Lcom/mobeta
36,Smaato,Lcom/smaato
37,Inmobi,Lcom/inmobi
38,Inneractive,Lcom/inneractive
39,MoPub,Lcom/mopub
40,Facebook,Lcom/facebook
41,Unknown,Lcom/adclient/android/sdk/install
44,Google Protocol Buffers,Lcom/google/protobuf
45,Flurry,Lcom/flurry/android
46,Zip4j,Lnet/lingala/zip4j
47,Jsoup,Lorg/jsoup
48,Fabric,Lio/fabric/sdk/android
49,ZXing ('Zebra Crossing'),Lcom/google/zxing
50,AndroidAsync,Lcom/koushikdutta/async
51,Unknown,Landroid/support/customtabs
52,Unknown,Lcom/onesignal/shortcutbadger
53,Unknown,Lcom/journeyapps
54,Unknown,Lcom/koushikdutta
55,Bolts Base Library,Lbolts
56,OkHttp okio Framework,Lokio
57,Unknown,Lrx/exceptions
58,Unknown,Lcom/mixpanel/android/java_websocket
59,Unknown,Lcom/mixpanel/android/surveys
60,Unknown,Lcom/zopim/android/sdk/widget
61,Unknown,Lcom/zopim/android/sdk/chatlog
62,Unknown,Lcom/zopim/android/sdk/anim
63,Unknown,Lcom/zopim/android/sdk/data
64,Unknown,Lcom/zendesk/util
65,Unknown,Lcom/wang
66,retrofit RESTful Library,Lretrofit
67,Joda Time,Lorg/joda/time
68,Amazon AWS,Lcom/amazonaws
69,Unknown,Lrx/observables
70,Unknown,Lrx/observers
71,Unknown,Lcom/airbnb
72,Unknown,Landroid/support/v8
73,Fmod,Lorg/fmod
74,Unity3D,Lcom/unity3d
75,YouTube Android Player API,Lcom/google/android/youtube/player
76,Digits,Lcom/digits/sdk/vcard
77,AppsFlyer,Lcom/appsflyer
78,Apache Common,Lorg/apache/commons
79,Unknown,Lcom/twitter
80,Unknown,Lcom/digits
81,Unknown,Lpl
82,Unknown,Lat
83,SourceForge ZBar,Lnet/sourceforge/zbar
84,Adobe Air FRE,Lcom/adobe/fre
85,Adobe FlashPlayer,Lcom/adobe/flashruntime
86,Adobe Air,Lcom/adobe/air
87,Adobe FlashPlayer,Lcom/adobe/flashplayer
90,Unknown,Lcom/adobe/mediacore
91,HockeyApp,Lnet/hockeyapp/android
92,,Lmono
93,Mono for Android,Lmono/android
94,urbanairship,Lcom/urbanairship
95,Unknown,Lcom/google/android/exoplayer2/text/dvb
96,Unknown,Lcom/google/android/exoplayer2/trackselection
97,Unknown,Lcom/google/android/exoplayer2/metadata/scte35
98,Unknown,Lcom/google/android/exoplayer2/source/smoothstreaming
99,Flurry SDK,Lcom/flurry/sdk
100,Volley HTTP library,Lcom/android/volley
103,Java-WebSocket,Lorg/java_websocket
104,Fasterxml,Lcom/fasterxml
105,Unknown,Lnet/i2p
106,Unknown,Lde/hdodenhof
107,Unknown,Lcom/ogaclejapan
108,JAudiotagger,Lorg/jaudiotagger
109,comscore,Lcom/comscore
110,PayPal,Lcom/paypal
111,Github,Lcom/github
112,mobfox,Lcom/mobfox
113,Radius Networks,Lcom/radiusnetworks
114,Unity3d Ads,Lcom/unity3d/ads
115,StartApp,Lcom/startapp
116,Amazon Advertisement,Lcom/amazon/device/ads
117,Unknown,Lorg/altbeacon/bluetooth
118,Unknown,Lcom/clevertap
119,Unknown,Lcom/google/android/exoplayer2/text/webvtt
120,Unknown,Lcom/smartadserver/android/library/controller/mraid
121,Unknown,Lcom/smartadserver/android/library/offline
122,Unknown,Lcom/pushwoosh/notification
123,Unknown,Lcom/google/android/exoplayer2/text/ttml
125,Unknown,Lcom/mobimento/caponate/util/paypal
126,Unknown,Lcom/pushwoosh/local
127,Unknown,Lcom/mobimento/caponate/util/views
128,Unknown,Lcom/mobvista/msdk/shell
129,Unknown,Lcom/mobimento/caponate/section/imageMap
131,Unknown,Lcom/mobimento/caponate/section/calendar
133,Unknown,Lcom/mobimento/caponate/section/dataviews/ARPois
134,Unknown,Lcom/mobvista/msdk/appwall/report
135,Twitter,Ltwitter4j
136,Unknown,Lcom/mobimento/caponate/section/dataviews/gallery
137,Unknown,Lcom/mobvista/msdk/appwall/viewpager
138,GNU KAWA,Lgnu/kawa
139,Unknown,Lcom/mobvista/msdk/base/c
140,Unknown,Lcom/mobimento/caponate/section/dataviews/calendar
141,GNU Common Lisp,Lgnu/commonlisp
142,Unknown,Lcom/mobvista/msdk/base/b/b
143,Unknown,Lcom/mobimento/caponate/element
144,GNU XML,Lgnu/xml
145,Unknown,Lcom/mobvista/msdk/base/b/c
146,Unknown,Lcom/tappx/a/a/a/g
147,GNU Mapping,Lgnu/mapping
148,Unknown,Lcom/tappx/a/a/a/b
149,Unknown,Lcom/mobvista/msdk/base/webview
150,ECMAScript,Lgnu/ecmascript
151,Unknown,Lcom/mobvista/msdk/base/adapter
152,Kawa for Android,Lkawa
153,Unknown,Lcom/mobvista/msdk/base/entity
154,Unknown,Lgnu/lists
155,Unknown,Lcom/mobvista/msdk/b
156,Unknown,Lgnu/text
157,Unknown,Lcom/mobvista/msdk/click
158,Unknown,Lgnu/math
159,Unknown,Lcom/mobvista/msdk/out
160,Unknown,Lgnu/expr
161,Unknown,Lio/branch/referral/util
162,Unknown,Lgnu/bytecode
166,getui,Lcom/igexin
167,ISO Parser,Lcom/coremedia/iso
168,AspectJ,Lorg/aspectj
170,Unknown,Lcom/mparticle/kits/mappings
172,Unknown,Lcom/mp4parser
173,Unknown,Lcom/googlecode/mp4parser/boxes
174,Unknown,Lcom/helpshift/campaigns/views
175,Unknown,Lbo
176,Unknown,Lretrofit2
177,Unknown,Lcom/orm
179,Unknown,Lorg/greenrobot
180,json smart,Lnet/minidev/json
181,adjust,Lcom/adjust/sdk
182,JavaX Annotation API,Ljavax/annotation
183,Unknown,Lcom/aigestudio
184,Heyzap,Lcom/heyzap
185,ActiveAndroid,Lcom/activeandroid
186,Unknown,Lio/realm/internal
187,Unknown,Lio/realm/processor
188,Unknown,Lcom/appnext/appnextsdk
189,Unknown,Lcom/appnext/ads
191,Unknown,Lcom/appnext/core
192,Android Viewpagerindicator Widget,Lcom/viewpagerindicator
193,otto,Lcom/squareup/otto
194,Dagger,Ldagger
195,KObjects,Lorg/kobjects
196,ksoap2,Lorg/ksoap2
197,Kxml2,Lorg/kxml2
198,Unknown,Lnet/sf
201,ExoPlayer,Lcom/google/android/exoplayer
202,Unknown,Lnet/grandcentrix
203,Unknown,Lcom/caverock
204,Unknown,Lcom/makeramen
205,Unknown,Lcom/davemorrissey
206,Unknown,Lcom/brightcove/player/event
207,Unknown,Lcom/brightcove/player/captioning/preferences
208,Unknown,Lorg/apmem
209,Json org,Lorg/json
210,Metalev Multi Touch,Lorg/metalev/multitouch
211,pulltorefresh,Lcom/handmark/pulltorefresh
212,Unknown,Luk/co/senab/photoview
213,Unknown,Lcom/haarman
214,Unknown,Lcom/handmark
215,Unknown,Lcom/ianhanniballake
216,Unknown,Lcom/emilsjolander
218,Esoteric Software 2D,Lcom/esotericsoftware
219,Amazon Auth SDK,Lcom/amazon/identity/auth
220,Unknown,Landroid/support/b
221,Unknown,Lcom/appnext/core/webview
222,GreenDao,Lde/greenrobot/dao
223,EventBus,Lde/greenrobot/event
224,Android Priority Job Queue,Lcom/path/android/jobqueue
225,Google Maps Utils,Lcom/google/maps/android
226,SLF4J,Lorg/slf4j
227,Unknown,Lcom/path
228,Unknown,Lcom/google/c
229,Unknown,Lcom/google/a/a
230,Unknown,Lcom/jaredrummler
231,Unknown,Lcom/miguelcatalan
232,Unknown,Lio/socket
233,Unknown,Lorg/joda
235,Google API Client Libraries,Lcom/google/api/client
236,ShareSDK,Lcn/sharesdk/framework
237,Mob one key share,Lcn/sharesdk/onekeyshare
238,Mob share to tencent,Lcn/sharesdk/tencent
239,prime[31],Lcom/prime31
240,mob share,Lcom/mob/commons
241,Mob Tools,Lcom/mob/tools
242,Unknown,Lcn/sharesdk/wechat
244,Unknown,Lnet/agasper
245,Unknown,Lnet/hockeyapp
250,Unknown,Lcom/google/android/exoplayer2/util
251,Unknown,Lcom/google/android/exoplayer2/upstream/cache
252,Unknown,Lcom/google/android/exoplayer2/metadata
253,Unknown,Lcom/google/android/exoplayer2/drm
254,Unknown,Lcom/google/android/exoplayer2/extractor/mkv
255,Unknown,Lcom/google/android/exoplayer2/audio
256,Unknown,Lcom/jakewharton
257,Unknown,Lcom/twitter/sdk/android/core
258,Unknown,Lcom/twitter/sdk/android/tweetui
259,Unknown,Lcom/android/debug
260,Unknown,Lcom/appboy/configuration
261,Unknown,Lcom/appboy/models
262,Unknown,Lcom/appboy/ui/inappmessage/views
263,Unknown,Lcom/appboy/ui/widget
266,Unknown,Lcom/google/android/libraries/cast/companionlibrary/cast/tracks
268,Unknown,Lcom/google/android/now
269,Unknown,Lcom/balysv
270,Unknown,Lio/reactivex/internal/operators/parallel
271,Unknown,Lio/reactivex/internal/observers
272,Unknown,Lkotlin/io
274,MaterialProgressBar,Lme/zhanghai/android/materialprogressbar
275,Unknown,Lcom/afollestad
276,Google Appinventor,Lcom/google/appinventor
277,Google GData,Lcom/google/gdata
278,Google Internationalization,Lcom/google/i18n
279,Signpost Oauth,Loauth/signpost
283,Unknown,Lcom/unity
284,Unknown,Lcom/pnikosis
285,Astuetz Pager Sliding Tab Strip,Lcom/astuetz
286,Fyber,Lcom/fyber
287,Unknown,Lcom/integralads
288,Unknown,Lorg/altbeacon
289,Unknown,Lcom/cuebiq/cuebiqsdk/utils
290,Unknown,Landroid/support/constraint/solver
291,Unknown,Lorg/altbeacon/beacon/distance
292,Unknown,Lde/psdev
293,Unknown,Lcom/google/android/exoplayer2/source/dash
294,pollexor,Lcom/squareup/pollexor
295,Unknown,Lorg/parceler
296,Unknown,Lorg/eclipse/paho/client/mqttv3/persist
297,Unknown,Lorg/eclipse/paho/client/mqttv3/internal/wire
298,AChartEngine,Lorg/achartengine
299,Unknown,Lcom/moat
302,Unknown,Lcom/aerserv/sdk/analytics
303,Unknown,Lcom/aerserv/sdk/controller/command
305,Unknown,Lcom/google/android/exoplayer2
306,Android Support v13,Landroid/support/v13
307,Unknown,Ledu
308,Unknown,Lcom/mobsandgeeks
309,Unknown,Lcom/afollestad/materialdialogs/internal
310,Unknown,Lcom/afollestad/materialdialogs/util
311,Unknown,Lio/reactivex/internal/operators/observable
312,Unknown,Lcommons
313,Corona,Lcom/ansca/corona
314,Google Play,Lcom/google/android/vending
315,jnlua,Lcom/naef/jnlua
316,Unknown,Lnetwork
318,Unknown,Lyuku
319,Unknown,Lcom/flyco
320,Unknown,Lcom/kakao/adfit/common/inappbrowser/widget
323,Unknown,Lhotchemi
324,Unknown,Lcom/onesignal
325,Unknown,Lcom/flaviofaria
326,JavaBeans(TM) Activation Framework,Lcom/sun/activation
327,Sun Mail.jar,Lcom/sun/mail
328,JavaMail API,Ljavax/mail
329,JavaBeans Activation Framework (JAF),Ljavax/activation
330,Apache Harmony,Lorg/apache/harmony
331,Unknown,Lmyjava
333,Unknown,Lcom/kyleduo
334,Unknown,Lcom/daimajia
335,Unknown,Lnet/danlew
336,Unknown,Lcom/couchbase/lite/auth
337,Unknown,Lcom/couchbase/lite/support
338,Unknown,Lcom/twitter/sdk/android/core/internal/oauth
339,Unknown,Lcom/google/auto/value/processor/escapevelocity
341,Unknown,Lorg/lucasr
342,Amazon In-App Purchasing,Lcom/amazon/device/iap
343,Google GCM,Lcom/google/android/gcm
344,AndroidQuery,Lcom/androidquery
345,PrettyTime,Lorg/ocpsoft/prettytime
346,Unknown,Lcom/joanzapata
347,Unknown,Lcom/daimajia/slider/library/Indicators
348,Unknown,Lcom/google/android/libraries/cast/companionlibrary/widgets
349,Unknown,Lcom/google/android/libraries/cast/companionlibrary/cast/player
350,Unknown,Lcom/twitter/sdk/android/tweetcomposer
351,Unknown,Lcom/flaviofaria/kenburnsview
352,Bouncy Castle,Lorg/bouncycastle
353,Unknown,Lcom/itextpdf/text/xml/simpleparser
355,Unknown,Lcom/itextpdf/text/pdf/events
356,Unknown,Lcom/google/android/exoplayer2/metadata/id3
357,Applovin,Lcom/applovin
358,AndroidAnimations Library,Lcom/daimajia/androidanimations
359,Unknown,Lcom/zendesk/belvedere
360,Unknown,Lcom/zendesk/sdk/support
361,Unknown,Lcom/zendesk/sdk/requests
362,Unknown,Lcom/zendesk/sdk/ui
363,Unknown,Lcom/zendesk/sdk/rating
364,Unknown,Lcom/zendesk/sdk/feedback
365,Unknown,Lcom/zendesk/sdk/model
366,Unknown,Lcom/zendesk/sdk/deeplinking
367,Unknown,Lcom/zendesk/sdk/storage
368,Unknown,Lcom/zendesk/sdk/attachment
370,Unknown,Lnet/margaritov
371,Unknown,Lcom/daasuu
372,Unknown,Lcom/google/android/exoplayer2/video
373,Unknown,Lcom/tune/ma/profile
374,Unknown,Lcom/tune/ma/push/model
375,Unknown,Landroid/support/constraint/a
376,Android SQLiteAssetHelper,Lcom/readystatesoftware/sqliteasset
377,NeatPlug Unity3d Plugins,Lcom/neatplug/u3d/plugins
379,Unknown,Lcom/neatplug/u3d
380,Appyet,Lcom/appyet
381,Card Library,Lit/gmariotti/cardslib
382,simple framework,Lorg/simpleframework
383,Unknown,Ltr
384,Unknown,Ld
385,Unknown,Lcom/mikepenz
386,Unknown,Lcom/squareup/a
387,Unknown,Lcom/mapbox
388,Unknown,Lcom/cocoahero
389,Unknown,Lfr/castorflex
390,Unknown,Luk/co/senab/bitmapcache
391,Unknown,Lcom/wdullaer/materialdatetimepicker/time
392,Unknown,Lcom/wdullaer/materialdatetimepicker/date
393,Unknown,Luk/co/chrisjenx
394,Unknown,Landroid/support/constraint/solver/widgets
395,Umeng Analysis,Lu/aly
396,Umeng Analytics,Lcom/umeng/analytics
397,Umeng Message Push,Lcom/umeng/message
398,Umeng Common,Lcom/umeng/common
399,Umeng Socialize,Lcom/umeng/socialize
400,Tencent Login,Lcom/tencent/tauth
401,Tencent Login,Lcom/tencent/connect
402,Tencent Login,Lcom/tencent/qqconnect
403,Tecent MTA,Lcom/tencent/stat
404,Tencent Map,Lcom/tencent/map
405,Tencent Wechat,Lcom/tencent/mm
406,Tencent Login,Lcom/tencent/open
407,Alipay,Lcom/alipay
408,Weibo,Lcom/sina/weibo
409,Umeng U-push (Old version called agoo),Lorg/android/agoo
412,Unknown,Lcom/lcodecore/tkrefreshlayout/processor
413,Unknown,Lcom/squareup/wire
414,Unknown,Lcom/ta
415,Unknown,Lorg/android/spdy
416,AndroidAnnotations API,Lorg/androidannotations
417,Unknown,Lcom/h6ah4i
418,Unknown,Lcom/orhanobut
419,Unknown,Lcom/koushikdutta/ion/loader
420,Unknown,Ldev
421,Unknown,Lcom/prolificinteractive
422,Unknown,Lcom/google/maps
423,Junit,Ljunit
424,hamcrest,Lorg/hamcrest
425,jUnit Java Unit Test,Lorg/junit
426,Unknown,Llecho
428,Jirbo,Lcom/jirbo/adcolony
429,Google Tag Manager,Lcom/google/tagmanager
430,Google Analytics,Lcom/google/analytics
431,Apache Cordova,Lorg/apache/cordova
432,Unknown,Lnl/xservices
433,Unknown,Lme/leolin
434,Loopj,Lcom/loopj
435,DATE4J,Lhirondelle/date4j
436,Jackson Json-processor,Lorg/codehaus/jackson
438,Unknown,Lcom/danikula
439,Unknown,Lcom/wnafee
440,Unknown,Lcom/google/vr/cardboard
443,Unknown,Lcom/google/vr/vrcore
445,Unknown,Lcom/h6ah4i/android/widget/advrecyclerview/draggable
447,Unknown,Lkotlin/sequences
448,Unknown,Lkotlin/text
449,anywheresoftware,Lanywheresoftware
450,Unknown,Lnet/sqlcipher/database
452,Unknown,Lorg/sufficientlysecure
453,Parse.com,Lcom/parse
454,Unknown,Lcom/smartmobilesoftware
455,Unknown,Lio/liteglue
456,Google Core Libraries (3rd Party),Lcom/google/thirdparty
457,Google Core Libraries for Java 6+,Lcom/google/common
458,Unknown,Lid
459,Unknown,Lcom/bignerdranch
461,Unknown,Lcom/google/android/flexbox
462,Unknown,Lcom/pkmmte
463,Unknown,Lde/appplant
464,Unknown,Lcom/rjfun
466,Unknown,Landroid/databinding
467,Sina SSO,Lcom/sina/sso
468,Yandex Ad,Lcom/yandex/mobile/ads
469,Unknown,Lcom/smartadserver/android/library/http
470,Unknown,Lcom/cmcm/adsdk/utils
471,Unknown,Lcom/cmcm/adsdk/config
472,Unknown,Lcom/cmcm/picks/webview
474,Unknown,Lcom/twitter/sdk/android/core/identity
475,Unknown,Lcom/twitter/sdk/android/core/internal
476,Unknown,Lcom/aspsine
477,Unknown,Lcom/yandex/metrica
480,Unknown,Lio/presage/actions
481,Unknown,Lio/presage/finder
482,Unknown,Lio/presage/ads
483,Unknown,Lio/presage/formats
485,Unknown,Lio/presage/activities
486,Unknown,Lio/branch/indexing
487,cocos2DX,Lorg/cocos2dx
488,Unknown,Lcom/anysdk
489,Unknown,Lcom/duapps/ad/list/cache
490,Unknown,Lcom/duapps/ad/offerwall/ui
491,UserVoice Android SDK,Lcom/uservoice/uservoicesdk
492,Unknown,Lcom/braintreepayments/api/models
493,Unknown,Lio/card/payment/i18n
495,Scribe Java Lib,Lorg/scribe
496,goodbarber,Lcom/goodbarber
497,Adtech,Lcom/adtech
498,AdSDK,Lcom/adsdk
499,Unknown,Lly
500,Unknown,Lcom/smartadserver
501,Unknown,Lcom/swelen
502,Unknown,Lcom/atinternet
503,Unknown,Lcom/google/unity
504,Unknown,Lcom/EasyMovieTexture
506,Unknown,Lcom/brightcove/player/media
507,Unknown,Lcom/zendesk
508,Unknown,Lcom/brightcove/player/util
509,Unknown,Lcom/algolia/search/saas/helpers
510,Unknown,Lcom/brightcove/player/analytics
511,Unknown,Lcom/segment/analytics/internal
512,Unknown,Lcom/iarcuschin
513,Unknown,Lcom/brightcove/player/view
514,Unknown,Lcom/joooonho
515,Unknown,Lcom/brightcove/player/controller
516,Unknown,Lcom/franmontiel
518,Unknown,Lcom/brightcove/player/model
519,Unknown,Lcom/zopim/android/sdk/util
520,Unknown,Landroid/databinding/adapters
521,Unknown,Lcom/wefika
525,Unknown,Lcom/davemorrissey/labs/subscaleview/a
526,Unknown,Lkankan
527,Unknown,Lcom/jeremyfeinstein
528,Unknown,Lcom/sothree
529,Xiaomi Smack,Lcom/xiaomi/smack
530,Xiaomi Push,Lcom/xiaomi/push
531,Unknown,Lcom/admarvel/android/admarveladcolonyadapter
532,Unknown,Lcom/admarvel/android/ads/internal/mediation
534,Unknown,Lcom/yalantis/ucrop/task
535,Unknown,Lcom/yalantis/ucrop/view
536,Vudroid PDF Reader,Lorg/vudroid
538,Unknown,Lcom/keyes
539,Logback,Lch/qos/logback
540,Unknown,Lch
541,Google Admob,Lcom/admob
542,Baidu SAPI2,Lcom/baidu/sapi2
543,Baidu Location,Lcom/baidu/location
544,Baidu APP SDK,Lcom/baidu/android
545,baidu push service,Lcom/baidu/android/pushservice
546,Baidu Mobile Stat,Lcom/baidu/mobstat
547,Unknown,Lnet/sqlcipher
549,Unknown,Landroid/support/wearable
550,HttpClient Android repackage buildscript,Lcz/msebera/android/httpclient
551,Unknown,Licepick
553,Unknown,Lcom/jakewharton/rxbinding2
554,Unknown,Lcom/google/android/exoplayer2/extractor/mp4
555,Unknown,Lcom/google/android/exoplayer2/text
556,Unknown,Lcom/google/android/exoplayer2/ui
557,Unknown,Lcom/google/android/exoplayer2/upstream
558,Unknown,Landroid/support/wearable/watchface
559,Unknown,Lcom/bartoszlipinski
560,Unknown,Lcom/rey
570,Unknown,Lcom/twotoasters
571,Tape by Square,Lcom/squareup/tape
572,Unknown,Lcom/ad4screen/sdk/analytics
573,Unknown,Lcom/ad4screen/sdk/plugins/beacons
574,Unknown,Lcom/ad4screen/sdk/common/c
575,Unknown,Lcom/ad4screen/sdk/service/modules/inapp/b
576,Unknown,Lcom/ad4screen/sdk/service/modules/e
577,Unknown,Lcom/ad4screen/sdk/service/modules/a
578,Unknown,Lcom/mikepenz/iconics
579,Unknown,Lcom/liulishuo/filedownloader/message
581,Unknown,Lio/reactivex/internal/operators/completable
582,ChartBoost,Lcom/chartboost/sdk
583,Appbrain SDK,Lcom/appbrain
584,Vungle,Lcom/vungle
585,Unknown,Lcom/ortiz
586,Unknown,Lcom/adcolony
587,Unknown,Lcom/mikepenz/materialize/view
588,Unknown,Lcom/mikepenz/materialdrawer/view
589,Unknown,Lcom/my/target/core/providers
590,Unknown,Lcom/appnext/ads/fullscreen
591,Unknown,Lcom/aerserv/sdk/model/ad
592,Unknown,Ltyrantgit
593,Unknown,Lcom/wdullaer
594,Unknown,Ljp
595,Unknown,Lim/delight
596,Unknown,Lcn/pedant
597,Unknown,Lxyz
599,Disk LRU Cache,Lcom/jakewharton/disklrucache
601,Unknown,Lcom/mikepenz/aboutlibraries/ui
602,Unknown,Lcom/mikepenz/materialize
603,Unknown,Lcom/mikepenz/iconics/utils
604,Unknown,Lcom/admarvel/android/ads
606,Unknown,Lcom/imagepicker/utils
607,Unknown,Lcom/afollestad/materialdialogs/folderselector
608,Unknown,Lcom/firebase
609,Unknown,Lcom/mikhaellopez
610,Unknown,Lcom/twitter/sdk/android/tweetui/internal
611,Unknown,Lcom/alexdisler
612,Keyboard Surfer,Lde/keyboardsurfer
613,newrelic,Lcom/newrelic
614,httpclientandroidlib,Lch/boye/httpclientandroidlib
615,Unknown,Lcom/crystal
616,Unknown,Lcom/google/android/exoplayer2/mediacodec
617,Unknown,Lcom/getbase
618,,Lcom/avos/avoscloud
619,Unknown,Lcom/braintree
620,Unknown,Lcom/cocosw
621,Unknown,Lse
622,Unknown,Lorg/webrtc/voiceengine
623,Umeng push,Lanet/channel
624,Taobao ACCS,Lcom/taobao/accs
625,Fastjson,Lcom/alibaba/fastjson
626,AIDL,Lanetwork/channel/aidl
627,Apache James Mail Enterprise Serve,Lorg/apache/james
628,Unknown,Lcom/gigamole
630,Unknown,Lcom/zhy
632,Unknown,Lio/reactivex/internal/schedulers
634,Unknown,Lit/sephiroth
636,Unknown,Lanetwork/channel/entity
637,Unknown,Lorg/greenrobot/greendao/test
638,Unknown,Lorg/greenrobot/greendao/query
639,Unknown,Lapp
640,ListViewAnimations,Lcom/nhaarman/listviewanimations
641,Unknown,Lcom/nhaarman
642,Unknown,Lmd5b60ffeb829f638581ab2bb9b1a7f4f3f
643,Unknown,Lmd5270abb39e60627f0f200893b490a1ade
644,Unknown,Lio/reactivex/processors
645,Unknown,Lio/reactivex/internal/operators/maybe
647,Unknown,Lde/javakaffee
648,Unknown,Lcn/qqtheme/framework/entity
649,db4o,Lcom/db4o
650,Unknown,Lcom/apptentive/android/sdk/view
651,Unknown,Lcom/apptentive/android/sdk/module
652,Unknown,Lcom/apptentive/android/sdk/comm
653,Unknown,Lcom/apptentive/android/sdk/model
654,Unknown,Lcom/apptentive/android/sdk/util/image
655,Unknown,Lcom/apptentive/android/sdk/storage
656,Unknown,Lcom/jpardogo
657,Unknown,Lcom/akexorcist
659,Unknown,Lorg/adw
660,Unknown,Lcom/nielsen/app/nuid
670,Unknown,Lcom/calldorado/android/ui/Dialogs
672,Unknown,Lcom/calldorado/android/db
673,Unknown,Lcom/calldorado/android/notifications
674,Unknown,Lcom/mikepenz/materialdrawer/util
675,CommonsWare SackOfViewsAdapter,Lcom/commonsware/cwac/sacklist
676,CommonsWare MergeAdapter,Lcom/commonsware/cwac/merge
677,Unknown,Lcom/commonsware
678,Unknown,Lcom/codetroopers/betterpickers/numberpicker
679,Unknown,Lcom/codetroopers/betterpickers/datepicker
680,Unknown,Lcom/codetroopers/betterpickers/timepicker
681,Unknown,Lcom/codetroopers/betterpickers/expirationpicker
682,Unknown,Lcom/codetroopers/betterpickers/recurrencepicker
683,Unknown,Lcom/codetroopers/betterpickers/hmspicker
684,Unknown,Lcom/appyvet
685,badlogic,Lcom/badlogic
686,Bugly,Lcom/tencent/bugly
687,tencent weixin Open(Share),Lcom/tencent/wxop
688,Jiguang,Lcn/jiguang
691,Unknown,Lcom/afollestad/materialdialogs/prefs
692,Unknown,Lcom/tencent/a
693,Unknown,Lcn/sharesdk/twitter
694,Unknown,Ltv/danmaku/ijk/media/player
695,Unknown,Lme/grantland
696,Unknown,Lcom/evernote/android/job/util/support
700,Unknown,Lcom/rometools/rome/feed/module
701,Unknown,Lcom/rengwuxian
702,Unknown,Lcom/oguzdev
704,Unknown,Lorg/chromium
706,Unknown,Lcom/rjfun/cordova/admob
713,Unknown,Lcom/telerik
715,Spongy Castle,Lorg/spongycastle
717,Unknown,Lharmony
720,Unknown,Lcom/apptentive/android/sdk/module/engagement/interaction/view
721,Unknown,Lcom/apptentive/android/sdk/module/engagement/interaction/model
724,GestureImageView polites.com,Lcom/polites
725,JDOM V1,Lorg/jdom
726,Unknown,Lcom/google/android/apps
728,Unknown,Lcom/roomorama
731,Unknown,Lcom/estimote/sdk/repackaged/okio_v1_3_0
733,Unknown,Lcom/estimote/sdk/repackaged/gson_v2_3_1
734,Unknown,Lcom/estimote/sdk/cloud/model
735,Unknown,Lcom/estimote/sdk/connection/internal/protocols/nearables
737,Unknown,Lcom/koushikdutta/ion/bitmap
738,Unknown,Lcom/devicecollector
739,Unknown,Lio/reactivex/internal/operators/flowable
740,Unknown,Lfr/ganfra
741,Baidu Mobile Ads,Lcom/baidu/mobads
742,miaomi mipush,Lcom/xiaomi/mipush/sdk
745,Unknown,Lcom/xiaomi/network
746,Unknown,Lcom/zcw
747,Unknown,Lcom/qq
754,Unknown,Lcn/carbswang
755,Unknown,Lcom/yandex/runtime/bindings
756,batch,Lcom/batch
758,Smack,Lorg/jivesoftware/smack
759,Smack Extensions,Lorg/jivesoftware/smackx
760,Unknown,Lcom/zopim/android/sdk/attachment
761,Unknown,Lcom/zopim/android/sdk/prechat
763,Unknown,Lorg/shaded
764,Unknown,Lgnu/xquery
765,Unknown,Lcom/firebase/tubesock
766,Unknown,Lcom/firebase/client/authentication
767,Unknown,Lcom/firebase/client/snapshot
768,Unknown,Lcom/firebase/client/core
769,Unknown,Lcom/firebase/client/utilities
770,Unknown,Lcom/firebase/client/collection
771,Unknown,Lcom/firebase/client/android
772,Unknown,Lcom/shaded
773,Okhttp,Lcom/avos/avoscloud/okhttp
774,Unknown,Landroid/support/v4n/app
776,Unknown,Lcom/moat/analytics/mobile/inm
777,Unknown,Lcom/google/android/exoplayer2/source/smoothstreaming/manifest
778,timessquare,Lcom/squareup/timessquare
779,XZ For Java,Lorg/tukaani/xz
780,Unknown,Lcom/annimon
781,Unknown,Lio/jsonwebtoken
782,International Components for Unicode,Lcom/ibm/icu
785,Unknown,Lcom/soundcloud
786,Java Excel API,Ljxl
787,actionbarpulltorefresh,Luk/co/senab/actionbarpulltorefresh
788,Unknown,Lcom/mikepenz/materialdrawer
789,Guice,Lcom/google/inject
790,Spring Framework,Lorg/springframework
791,Roboguice,Lroboguice
796,Unknown,Lcrittercism
797,Unknown,Lcom/crittercism
798,Unknown,Lio/sqlc
799,BugSense,Lcom/bugsense
800,Dropbox Java SDK,Lcom/dropbox/client2
801,Nokia In-App Payment,Lcom/nokia/payment/iap
802,Samsung In-App Purchase,Lcom/sec/android/iap
803,Microsoft MapPoint,Lmicrosoft/mappoint
804,OpenStreetMap-Tools,Lorg/osmdroid
805,Unknown,Lcom/skubit
806,Unknown,Lcom/theartofdev
807,Unknown,Lcom/codetroopers/betterpickers/radialtimepicker
810,Unknown,Lorg/onepf/oms/appstore/nokiaUtils
811,Unknown,Lorg/apache/thrift
815,Unknown,Lcom/devbrackets/android/exomedia/util
816,Unknown,Lcom/google/android/exoplayer2/extractor/ts
817,Unknown,Lcom/google/android/exoplayer2/source/hls
818,Unknown,Lcom/chauthai
819,Unknown,Lfreemarker
820,Unknown,Lorg/apache/thrift/transport
821,Unknown,Lorg/apache/thrift/server
822,Unknown,Lorg/eclipse/paho/a
824,Unknown,Lcom/umeng/onlineconfig
829,Unknown,Lio/netty/channel/group
832,Unknown,Lio/netty/bootstrap
836,Unknown,Lio/netty/handler/traffic
838,Unknown,Lio/reactivex
839,Unknown,Lcn/sharesdk/sina
840,Unknown,Lcn/sharesdk/whatsapp
842,Unknown,Lcn/sharesdk/facebook
843,Alibaba Amap,Lcom/amap
845,Unknown,Lcom/autonavi/amap
846,Unknown,Lcom/sromku
847,Unknown,Lcom/baoyz
850,Unknown,Lcom/youth/banner/transformer
851,Unknown,Lorg/litepal
852,Unknown,Lde/timroes
853,Unknown,Lcom/digits/sdk/a
854,Unknown,Lcom/onesignal/shortcutbadger/impl
856,Pinyin4j,Lnet/sourceforge/pinyin4j
857,Unknown,Ljp/wasabeef
858,Unknown,Ltourguide
860,Unknown,Lorg/greenrobot/eventbus
861,Unknown,Lcom/dd
862,Unknown,Lcom/stripe
866,Unknown,Lcom/mobvista/msdk/appwall/a
867,Unknown,Lcom/vmax/android/ads/webview
868,Unknown,Lio/jsonwebtoken/lang
869,Unknown,Lorg/eclipse/paho/client/mqttv3/internal/websocket
870,Unknown,Lorg/greenrobot/greendao
872,Unknown,Lcom/stripe/net
873,Unknown,Landroid/support/media
874,Unknown,Lnet/lingala
875,Dnsjava,Lorg/xbill/DNS
876,Unknown,Lcom/squareup/moshi
878,Revmob,Lcom/revmob
879,Unknown,Lcom/appnext
881,Unknown,Lcom/mobvista/msdk/appwall
882,Unknown,Lcom/mobvista/msdk/base
884,Unknown,Lcom/htc/sphere
885,Unknown,Lcom/yalantis
888,Unknown,Lcom/itextpdf/text/html
889,Unknown,Lcom/itextpdf/text/pdf/parser
890,Unknown,Lcom/itextpdf/text/pdf/hyphenation
891,Unknown,Lcom/itextpdf/text/pdf/codec
892,Jpush,Lcn/jpush/android
893,DashClock API,Lcom/google/android/apps/dashclock/api
894,Unknown,Lcom/moe/pushlibrary/models
895,Dom4j,Lorg/dom4j
896,ut mini push sdk,Lcom/ut/mini
897,Huawei Android SDK,Lcom/huawei/android
898,Alibaba MTL,Lcom/alibaba/mtl
899,Tencent Tpush (Xinge),Lcom/tencent/android/tpush
906,Unknown,Lcom/tencent/mid
907,Unknown,Lcom/meizu/cloud/pushsdk/notification/model
908,Unknown,Lcom/baidu/lbsapi
913,Unknown,Lcom/mixpanel/android/viewcrawler
914,Unknown,Lcom/googlecode/mp4parser/boxes/mp4
917,Unknown,Lcom/afollestad/materialdialogs/a
918,Unknown,Lcom/google/android/exoplayer2/a
919,Unknown,Lcom/helpshift/support/a
923,Unknown,Lcom/helpshift/util
925,Unknown,Lcom/tokenautocomplete
926,Unknown,Lcom/tencent/tinker/android
927,Unknown,Lcom/nispok
939,Unknown,Lorg/askerov
941,Unknown,Lcom/jakewharton/rxbinding
943,Unknown,Lcom/bluelinelabs
944,Unknown,Lfr/castorflex/android/smoothprogressbar
945,Unknown,Lorg/webrtc/videoengine
946,Unknown,Lcom/quantcast
948,Unknown,Lcom/liulishuo
949,Unknown,Lcom/aurelhubert
955,Unknown,Lcom/anjlab/android/iab/v3
956,Spoledge AAC Decoder,Lcom/spoledge
958,Unknown,Lcom/etsy
959,Unknown,Leu
960,FloatingActionButton,Lcom/melnykov/fab
961,Unknown,Lcom/diegocarloslima
962,Unknown,Lcom/flipboard
963,Unknown,Lcom/cm
965,Unknown,Lcom/cmcm/gl/view
966,Unknown,Lcom/cmcm/gl/engine/q/a
967,Unknown,Lcom/cmcm/gl/engine/c3dengine/d
968,Unknown,Lcom/cmcm/gl/engine/c3dengine/a
969,Unknown,Lcom/cmcm/gl/engine/a
970,Unknown,Lcom/cmcm/gl/b
971,Unknown,Lcom/cm/kinfoc
973,Unknown,Lcom/cmcm/b/a
974,Unknown,Lcom/futuremind
975,Tencent X5 (SMTT),Lcom/tencent/smtt
976,Xiaomi XMpush,Lcom/xiaomi/xmpush
977,Unknown,Lmiui
978,Unknown,Lcom/xiaomi/account
979,Unknown,Lme/dm7
980,Unknown,Lcom/varunest/sparkbutton/heplers
981,Android Package management,Landroid/content/pm
982,Unknown,Lcom/samsung
984,Unknown,Lcom/cmcm/adsdk/a
985,Unknown,Landroid/app
986,PhoneGap,Lcom/phonegap
987,Unknown,Lcom/microsoft
988,Unknown,Lcom/lsjwzh
990,Jaxen,Lorg/jaxen
991,Unknown,Lcom/hb
992,Unknown,Lcom/tonicartos
993,Unknown,Lcom/vdurmont
995,Unknown,Lcom/marshalchen
996,Unknown,Lcom/jude
997,Unknown,Lcom/zomato
998,Unknown,Lin
999,Unknown,Lcom/vk/sdk/api/model
1000,Unknown,Lcom/vk/sdk/dialogs
1001,Unknown,Lcom/vk/sdk/util
1006,Unknown,Lcom/squareup/haha
1007,Unknown,Lcom/android/internal
1011,Unknown,Lcom/cleanmaster/activitymanagerhelper
1013,Unknown,Lcom/my/target/nativeads
1014,Unknown,Lcom/my/target/ads
1015,Unknown,Lcom/my/target/core/ui/views/chrome
1016,Unknown,Lcom/my/target/core/ui/views/fspromo
1017,Unknown,Lcom/my/target/core/utils
1018,Unknown,Lcom/my/target/core/resources
1019,Unknown,Lcom/my/target/core/net
1020,Unknown,Lcom/my/target/core/async
1022,Unknown,Lcom/duapps/ad/inmobi
1027,Apache Ant Core,Lorg/apache/tools/ant
1031,Unknown,Lcom/liulishuo/filedownloader/i
1033,AMAP autonavi API,Lcom/autonavi/aps/amapapi
1034,Unknown,Lme/relex
1035,Unknown,Luk/co/workingedge
1038,Unknown,Lcom/journeyapps/barcodescanner/camera
1039,Unknown,Lcom/itextpdf/text/io
1040,Unknown,Lcom/itextpdf/text/pdf/fonts
1041,Unknown,Lcom/bigkoo
1042,Unknown,Lit/partytrack
1045,Unknown,Lcn/bingoogolapple/refreshlayout
1046,Unknown,Lcom/google/gms
1049,Unknown,Lcom/andexert
1050,Unknown,Lpl/droidsonroids
1052,Unknown,Lcom/networkbench/agent/impl/i
1058,Unknown,Lcom/tencent/tinker/commons
1059,Unknown,Lcom/tencent/tinker/bsdiff
1060,Unknown,Lcom/alibaba/sdk
1061,Unknown,Lanetwork/channel/cache
1062,Unknown,Lcom/daimajia/slider/library/Tricks
1064,Messagepack,Lorg/msgpack
1065,Unknown,Lcom/brightcove/player/edge
1066,Unknown,Ltv/danmaku
1067,Unknown,Lcom/taobao/agoo
1068,Unknown,Lcom/taobao/applink
1100,Unknown,Lcom/alibaba/sdk/android/httpdns
1103,Unknown,Lcom/hianalytics
1104,Unknown,Lsdk/meizu
1106,StAX API,Lcom/bea/xml/stream
1107,Unknown,Lcom/bea
1108,Unknown,Lcom/wutka
1109,Unknown,Landroid/support/v14
1110,Unknown,Lcom/oneaudience/sdk/b
1111,Outline Games,Lcom/outlinegames
1112,TendDaTa,Lcom/tendcloud/tenddata
1113,Unknown,Lcom/google/flatbuffers
1121,Unknown,Lcom/b/a
1122,Conduit App,Lcom/conduit/app
1124,Unknown,Lcom/mixpanel
1125,Unknown,Lcom/larvalabs
1126,Unknown,Lcom/ipaulpro
1128,Unknown,Lcom/pixelcan
1129,Kankan Wheel Android scroller,Lkankan/wheel
1130,Unknown,Lcom/mixpanel/android/util
1132,Unknown,La/a/a/a/e
1133,Unknown,Lcom/rfm/sdk/adissue
1134,Unknown,Lcom/rfm/sdk/video
1135,Unknown,Lcom/rfm/sdk/vast/elements
1136,Unknown,Lcom/google/android/exoplayer2/source/dash/manifest
1137,Unknown,Lcom/google/android/c2dm
1138,Unknown,Lcom/itextpdf/text/xml
1140,Unknown,Lcom/itextpdf/awt
1141,Unknown,Lcom/itextpdf/xmp
1144,Unknown,Lcom/dinuscxj
1145,Unknown,Lorg/eclipse/paho/client
1146,Stericson RootTools,Lcom/stericson/RootTools
1149,Unknown,Lcom/itextpdf/text/pdf/security
1150,Unknown,Lcom/itextpdf/testutils
1151,htmlCleaner,Lorg/htmlcleaner
1153,Unknown,Lorg/jcodec/containers/mp4/muxer
1154,Unknown,Lorg/jcodec/codecs/wav
1155,Unknown,Lorg/jcodec/scale
1157,Unknown,Lcom/cleveroad
1158,Unknown,Lcom/mikepenz/fastadapter
1159,Unknown,Lco/mobiwise/materialintro/view
1160,Unknown,Lorg/objenesis
1162,FlexJson Library,Lflexjson
1163,Unknown,Lcom/tune/http
1168,TagSoup,Lorg/ccil/cowan/tagsoup
1171,Unknown,Lcom/uphyca
1173,Unknown,Landroid/support/constraint/a/a
1175,Androidplot,Lcom/androidplot
1177,Unknown,Lcom/uservoice
1178,Unknown,Lcom/mobileapptracker
1180,Unknown,Lcom/kakao/util
1185,Java jdeferred Library,Lorg/jdeferred
1187,Unknown,Lio/card/payment/ui
1188,Unknown,Lorg/opencv/utils
1189,Unknown,Lorg/opencv/engine
1191,Unknown,Lcat
1192,SnakeYAML,Lorg/yaml/snakeyaml
1194,Unknown,Lcom/timehop
1195,Unknown,Lkotlin
1196,Unknown,Lcom/androidadvance
1198,Unknown,Lcom/ToxicBakery
1199,Unknown,Lcom/larswerkman
1200,Unknown,Lcom/birbit
1202,Unknown,Lnet/lucode
1203,Immersion TouchSense SDK,Lcom/immersion/hapticmediasdk
1204,Supersonic: Mobile Advertising,Lcom/supersonicads/sdk
1205,Supersonic Ads,Lcom/supersonic/adapters/supersonicads
1206,Supersonic MediationSDK(Abandoned),Lcom/supersonic/mediationsdk
1208,Unknown,Lcom/supersonic
1211,Unknown,Lcom/victor
1213,Unknown,Lcom/pluscubed
1218,Unknown,Lcom/anjlab
1219,Unknown,Lcom/rampo
1220,Unknown,Lcom/plugin
1221,Unknown,Lcom/flipboard/bottomsheet/commons
1222,Unknown,Lcom/inlocomedia/android/ads/mraid
1227,MenuDrawer,Lnet/simonvt/menudrawer
1228,Unknown,Lnet/simonvt
1229,Unknown,Lde/appplant/cordova/plugin/notification
1232,Unknown,Llombok
1252,Unknown,Lorg/apache/mina
1253,Millennial Media,Lorg/nexage
1255,Unknown,Lcom/malinskiy
1259,Unknown,Lcom/vk/sdk/api
1260,Unknown,Lca
1261,Unknown,Lio/presage/formats/multiwebviews/video
1263,Unknown,Lcom/cyou/cma/clauncher/d
1264,Unknown,Lcom/googlecode/mp4parser/authoring/adaptivestreaming
1266,Unknown,Lcom/googlecode/mp4parser/authoring/builder
1267,Unknown,Lcom/seu/magicfilter/utils
1269,IronSource,Lcom/ironsource
1273,Unknown,Landroid/location
1274,Unknown,Landroid/accounts
1276,Unknown,Lcom/tozny
1277,Unknown,Lcom/securepreferences
1278,Unknown,Lorg/joda/convert
1279,Unknown,Lcom/intercom/composer
1282,Unknown,Lcom/easyandroidanimations
1292,Umeng Update,Lcom/umeng/update
1293,Alimama Dev,Lcom/alimama/mobile
1294,Unknown,Lnet/ypresto
1295,Unknown,Lrx/android
1296,Unknown,Lnet/roarsoftware/lastfm/cache
1297,Unknown,Lcom/linkedin
1298,Unknown,Lcom/tune
1299,Unknown,Lorg/florescu
1303,xunfei,Lcom/iflytek
1304,iflyteck speech,Lcom/iflytek/speech
1306,Xunfei(iflytek) Voice,Lcom/iflytek/sunflower
1310,Unknown,Lcom/ta/utdid2/android
1311,Unknown,Lcom/ta/utdid2/core
1312,Unknown,Lcom/qiniu/android/common
1313,Unknown,Lorg/qtproject/qt5/android/multimedia
1314,Unknown,Lorg/qtproject/qt5/android/accessibility
1317,Unknown,Lcom/dropbox/core
1318,Unknown,Lcom/yalantis/ucrop/util
1320,Unknown,Lcom/splunk/mint/network
1323,Unknown,Lb
1324,Unknown,Lcom/rfm
1336,Unknown,Lcom/tune/ma/campaign
1337,Unknown,Lcom/tune/ma/push
1338,Unknown,Lcom/tune/ma/analytics
1339,Unknown,Lcom/tune/ma/utils
1342,Fyber(SponsorPay),Lcom/sponsorpay
1343,Unknown,Lcom/androidmapsextensions
1344,ThreatMetrix,Lcom/threatmetrix
1345,Unknown,Lcom/yahoo/android/slideshow/view
1352,Unknown,Lim/amomo
1354,Unknown,Lorg/jcodec
1357,Jasonkostempski,Lcom/jasonkostempski
1359,Google Android Net,Lcom/google/android/net
1361,Pollfish,Lcom/pollfish
1362,EPublib,Lnl/siegmann/epublib
1364,Unknown,Lnet/sourceforge
1365,Unknown,Lcom/google/android/bitmapfun
1368,Unknown,Lfi
1369,Tapjoy,Lcom/tapjoy
1370,Unknown,Lcom/moat/analytics/mobile/tjy
1371,Unknown,Lcom/avocarrot/androidsdk/logging
1372,Unknown,Lcom/avocarrot/vastparser/model
1373,Umeng feedback,Lcom/umeng/fb
1374,basic-http-client,Lcom/turbomanage/httpclient
1375,Unknown,Lu/fb
1377,Apache Log4j,Lorg/apache/log4j
1378,Unknown,Lcom/google/code
1382,xUtils,Lcom/lidroid/xutils
1384,Unknown,Lio/vov
1385,Unknown,Lorg/threeten/bp/format
1386,Unknown,Ljp/wasabeef/recyclerview
1387,Unknown,Ljp/wasabeef/glide
1388,Baidu Map,Lcom/baidu/mapapi
1389,Titanium-Modules,Lti/modules/titanium
1390,Mozilla Universal Detector,Lorg/mozilla/universalchardet
1394,Unknown,Lcom/mikepenz/fastadapter/adapters
1395,Unknown,Lcom/gigya/socialize/android/ui
1402,Unknown,Lcom/socdm/d/adgeneration/interstitial
1404,Unknown,Lme/imid
1405,Unknown,Lcom/yandex/mobile
1409,Unknown,Lio/netty/handler/codec/http/websocketx/extensions
1410,Unknown,Lio/netty/util/collection
1411,Unknown,Lcom/devspark
1412,Unknown,Lcom/thoughtworks
1413,Unknown,Lcom/afollestad/materialdialogs/color
1414,JDOM2,Lorg/jdom2
1415,GreenDroid,Lgreendroid
1416,Flurry,Lcom/flurry/org
1420,Unknown,Lcom/gau/utils/net/connector
1421,Unknown,Lcom/gau/go/gostaticsdk/scheduler
1422,Unknown,Lcom/gau/go/gostaticsdk/encrypt
1425,Unknown,Lcom/jiubang/commerce/chargelocker/holder
1426,Unknown,Lcom/jiubang/commerce/ad/cache
1428,Unknown,Lcom/jb/ga0/commerce/util/zip
1429,Unknown,Lcom/jb/ga0/commerce/util/thread
1435,Unknown,Lcom/kbeanie/multipicker/core
1436,Unknown,Lcom/kbeanie/multipicker/api/entity
1437,Unknown,Lcom/arlib/floatingsearchview/util/view
1438,Unknown,Lorg/jcodec/containers/mxf
1439,Unknown,Lorg/jcodec/containers/mkv
1440,Unknown,Lorg/jcodec/movtool/streaming/tracks
1441,Unknown,Lorg/jcodec/common
1442,Unknown,Lorg/jcodec/codecs/mpeg12
1443,Unknown,Lorg/jcodec/codecs/h264
1444,Unknown,Landroid/support/wearable/authentication
1447,Unknown,Lcom/zendesk/sdk/support/help
1464,Unknown,Lcom/liulishuo/filedownloader/services
1466,Unknown,Lcom/jiubang/commerce/daemon
1467,Unknown,Lcom/squareup/leakcanary
1468,Unknown,Lcom/onevcat
1471,Unknown,Lcom/xiaomi/common
1472,Unknown,Lcom/xiaomi/channel
1473,Unknown,Lcom/hp
1474,Unknown,Lcom/umeng/qq
1476,Unknown,Lcom/umeng/a
1478,Unknown,Lcom/qiniu
1492,Unknown,Lcom/getkeepsafe
1496,Unknown,Lcom/google/android/exoplayer2/extractor
1497,Unknown,Lcom/google/android/exoplayer2/source
1498,Afinal,Lnet/tsz/afinal
1503,Unknown,Lcn/jpush/a
1508,Unknown,Lcom/afollestad/easyvideoplayer
1533,Unknown,Lcom/mobvista/msdk/base/b
1534,Unknown,Lcom/mobvista/msdk/base/d
1535,Unknown,Lcom/mobvista/msdk/mvnative/a
1541,Unknown,Lcom/plattysoft
1551,Unknown,Lcom/cloudtech/ads/tp
1552,Unknown,Lcom/cloudtech/ads/view
1556,Unknown,Lcom/chad/library/adapter/base/listener
1558,Unknown,Lcom/daimajia/swipe
1559,Unknown,Lcom/firebase/client/core/persistence
1560,Unknown,Lcom/firebase/client/core/view
1561,Unknown,Lcom/cloudtech/ads/a
1562,Unknown,Lcom/cloudtech/ads/utils
1578,Unknown,Lcom/my/target/core/async/commands
1579,Unknown,Lm/framework/ui
1580,Unknown,Lm/framework/utils
1581,Unknown,Lm/framework/network
1583,Unknown,Lcmn
1584,Unknown,Lde/measite/minidns/dnssec/algorithms
1585,Unknown,Luz
1594,Unknown,Lcom/dropbox/core/util
1595,Unknown,Lcom/dropbox/core/http
1598,Unknown,Lcom/apptracker/android/re
1599,Unknown,Lcom/apptracker/android/nativead
1600,Unknown,Lcom/apptracker/android/request
1605,Unknown,Lcom/androidnetworking
1606,Unknown,Lit/neokree
1607,Mapsforge API,Lorg/mapsforge
1608,Appodeal Ads,Lcom/appodeal/ads
1620,Unknown,Lcom/adobe/creativesdk/foundation/internal/storage/controllers/common
1621,Unknown,Lcom/adobe/creativesdk/foundation/internal/storage/controllers/libraryedit
1622,Unknown,Lcom/adobe/creativesdk/foundation/internal/storage/controllers/multipage
1623,Unknown,Lcom/adobe/creativesdk/foundation/internal/storage/controllers/utils
1626,Unknown,Lcom/adobe/creativesdk/foundation/internal/utils/photoview
1629,Unknown,Lcom/adobe/creativesdk/foundation/adobeinternal/storage/psd
1631,Unknown,Lcom/adobe/creativesdk/foundation/adobeinternal/auth/service
1635,Unknown,Lcom/alertdialogpro
1643,Unknown,Lio/card
1644,Unknown,Lit/sephiroth/android/library/exif2
1645,Unknown,Lit/sephiroth/android/library/picasso
1646,Unknown,Lit/sephiroth/android/library/tooltip
1647,Unknown,Lit/sephiroth/android/library/imagezoom
1652,Unknown,Lcn/refactor
1655,Unknown,Lcom/almeros
1660,Unknown,Landroid/support/wearable/view/drawer
1665,Aviary photo editing SDK,Lcom/aviary
1668,Unknown,Lcom/pushwoosh
1669,Unknown,Lcom/arellomobile
1671,Unknown,Lgithub
1672,Unknown,Lcom/mixpanel/android/mpmetrics
1678,Unknown,Lcom/mobvista/msdk/mvnative
1681,Unknown,Lcn/sharesdk/instagram
1683,Unknown,Lcom/my
1685,Unknown,Lcom/supersonic/adapters
1686,Unknown,Lcom/supersonic/eventsmodule
1697,Baidu APP SDK,Lcom/baidu/platform
1698,Unknown,Lvi
1704,Unknown,Lcom/afollestad/materialdialogs
1711,Unknown,Lcom/nhncorp/nelo2/thrift
1712,Unknown,Lcom/nhncorp/nelo2/android/util
1713,Unknown,Lcom/nhncorp/nelo2/android/tape
1714,Unknown,Lcom/tnkfactory
1715,Unknown,Ljp/co
1716,JsonPath,Lcom/jayway/jsonpath
1717,Unknown,Lorg/onepf
1723,Mozilla Rhino,Lorg/mozilla/javascript
1724,Unknown,Ljp/naver/common/android/notice/notification/view
1727,Unknown,Ljp/line/android/sdk/activity
1728,Unionpay,Lcom/unionpay/mobile/android
1729,Unknown,Lcom/alibaba/wireless
1732,Unknown,Lcom/noveogroup
1739,Unknown,Lcom/qq/e/comm
1742,Unknown,Lcn/com
1744,Unknown,Lcom/appboy/ui/inappmessage/listeners
1746,Unknown,Lcom/microsoft/intune/mam/client/telemetry/commonschema
1751,Espian ShowcaseView,Lcom/espian/showcaseview
1753,Unknown,Lcom/samsung/android/sdk/accessoryfiletransfer
1754,Unknown,Lcom/samsung/accessory/safiletransfer
1766,Unknown,Lcom/tencent/mapsdk/raster
1770,Unknown,Lcom/tencent/mid/b
1776,Unknown,Lcom/meizu/cloud/pushsdk/common
1778,Unknown,Lcom/meizu/cloud/pushsdk/networking/http
1779,Unknown,Lcom/meizu/cloud/pushsdk/networking/internal
1781,Unknown,Lcom/meizu/cloud/pushsdk/util
1787,Unknown,Lcom/qq/taf
1788,Unknown,Loicq/wlogin_sdk/sharemem
1789,Unknown,Loicq/wlogin_sdk/report
1793,Tencent Login,Lcom/tencent/common
1829,Unknown,Lcom/oneaudience
1830,Unknown,Lcom/apptentive/android/sdk/util
1831,Unknown,Lcom/crittercism/app
1836,Unknown,Lcom/nononsenseapps
1837,Unknown,Lme/grantland/widget
1838,image chooser library,Lcom/kbeanie/imagechooser
1842,JavaX Servlet API,Ljavax/servlet
1843,Unknown,Lcom/drew/lang
1844,Unknown,Lcom/drew/metadata/exif
1845,Unknown,Lcom/drew/metadata/iptc
1846,Unknown,Lcom/drew/metadata/xmp
1847,Unknown,Lcom/amazon/identity/kcpsdk/auth/register
1848,Unknown,Lcom/amazon/identity/kcpsdk/common
1850,Unknown,Lcom/amazon/client/metrics/codec
1852,Seismic,Lcom/squareup/seismic
1853,Unknown,Linfo/guardianproject/netcipher/proxy
1854,Unknown,Linfo/guardianproject/netcipher/client
1855,Unknown,Lagency
1856,Unknown,Lcom/kbeanie/multipicker/utils
1857,Unknown,Lcom/googlecode/mp4parser/boxes/apple
1860,Unknown,Lcom/coremedia
1861,Unknown,Lcom/googlecode
1862,Unknown,Lio/paperdb
1864,Unknown,Lcom/gc
1865,Unknown,Lcom/meetme
1867,Unknown,Lcom/growingio/android/sdk/a
1875,Unknown,Lio/presage/finder/model
1893,Unknown,Lcom/mobvista
1894,Adobe XMP,Lcom/adobe/xmp
1895,Unknown,Lrate
1899,Unknown,Lcom/bugsnag
1900,Unknown,Lcom/sun/jna
1904,Unknown,Lcom/triggertrap
1905,Unknown,Lcom/googlecode/mp4parser/util
1908,Unknown,Lcom/gigya
1910,Unknown,Lcom/sromku/simple/fb/entities
1912,Unknown,Lcom/google/android/exoplayer2/source/b
1913,Unknown,Landroid/support/v17/leanback/widget/picker
1914,Unknown,Lcom/android/mms
1920,Unknown,Lde/tavendo
1921,Unknown,Lcom/fsn/cauly/blackdragoncore/webbridge
1922,Unknown,Lcom/fsn/cauly/blackdragoncore/devicemonitor
1924,Unknown,Landroid/support/v4/view/a
1927,Unknown,Lcom/googlecode/mp4parser/boxes/cenc
1928,Unknown,Lcom/googlecode/mp4parser/authoring/tracks/h265
1929,Unknown,Lcom/googlecode/mp4parser/authoring/tracks/h264
1930,Unknown,Lcom/googlecode/mp4parser/authoring/tracks/webvtt
1931,Unknown,Lcom/layer/sdk/lsdka/lsdke/lsdkb
1932,Unknown,Lcom/layer/sdk/lsdka/lsdkf
1933,Unknown,Lcom/layer/sdk/lsdka/lsdkk/lsdkc
1934,android widget,Landroid/widget
1936,Unknown,Lcom/googlecode/mp4parser/boxes/microsoft
1937,Unknown,Lcom/vk/sdk/api/httpClient
1941,Unknown,La/a/a/a/i
1942,Unknown,Lorg/altbeacon/beacon/service/scanner
1943,Unknown,Lcom/chad
1944,Unknown,Lmp/lib/model
1948,Unknown,Lco/mobiwise
1949,Unknown,Lcom/google/auto
1952,Unknown,Lorg/xwalk
1955,Unknown,Lafzkl/development/colorpickerview
1957,Unknown,Lcl
1959,skplanet,Lcom/skplanet
1978,Unknown,Lcom/netease/nimlib/p
1994,Unknown,Lorg/opencv
1996,Unknown,Lcom/isseiaoki
1999,Unknown,Lio/reactivex/internal/util
2001,Unknown,Lcom/karumi
2002,Nexage SourceKit-MRAID(part of MillennialMedia),Lorg/nexage/sourcekit/mraid
2003,Unknown,Lcom/tealium/collect
2004,Unknown,Lcom/tealium/internal/a
2005,Unknown,Lcom/tealium/internal/tagbridge
2006,Unknown,Lcom/secrethq
2007,Unknown,Lcom/amplitude/api
2009,Unknown,Lio/intercom/com/bumptech
2010,Unknown,Lcom/androidsx
2011,SlidingMenu,Lcom/slidingmenu
2012,Unknown,Lorg/xutils
2022,Unknown,Lcom/yahoo/android/sharing/layout
2027,Unknown,Lcom/bigkoo/pickerview/lib
2035,Unknown,Lcom/tencent/mobileqq
2036,Unknown,Lcom/bm
2040,Unknown,Lcom/evernote
2041,Unknown,Lcom/a/c
2054,Unknown,Lorg/eclipse
2059,Unknown,Lio/presage
2060,Unknown,Lshared_presage/com/google
2061,Unknown,Lshared_presage/com/loopj
2062,Unknown,Lshared_presage/org
2065,Unknown,Lcom/googlecode/mp4parser/authoring/samples
2068,Unknown,Lcom/my/target/core/models
2070,Unknown,Lcom/taobao/weex/ui/view/refresh/circlebar
2073,Unknown,Lcom/suke
2081,Unknown,Lorg/opencv/android
2082,Unknown,Lagency/tango/materialintroscreen/widgets
2090,Unknown,Lcom/kobakei
2092,Unknown,Lcom/octo
2093,Unknown,Lcom/pnikosis/materialishprogress
2095,Unknown,Lcom/adobe/mobile
2099,Unknown,Lmp
2100,Unknown,Lcom/aduwant
2101,Unknown,Lcom/avos
2102,Unknown,Lcom/pingstart
2111,Unknown,Luk/co/deanwild
2114,Unknown,Lcom/ijoysoft/adv
2118,Unknown,Lcom/dropbox/core/android
2139,Unknown,Lcom/in2wow/sdk/i/a
2144,JCIFS,Ljcifs
2145,Java Secure Channel,Lcom/jcraft/jsch
2183,Unknown,Lcom/eftimoff
2185,Unknown,Ljp/wasabeef/picasso
2203,Unknown,Lorg/eclipse/jetty/util/security
2204,Opencsv,Lau/com/bytecode/opencsv
2205,Unknown,Lcom/drew
2209,Unknown,Ljp/naver/common/android/notice/handler
2225,Unknown,Lnet/rdrei
2229,Unknown,Lcom/dropbox/core/json
2233,Unknown,Lcom/android/network
2238,Baidu Frontia,Lcom/baidu/frontia
2242,Unknown,Lcom/baidu/vi
2243,Unknown,Lcom/unionpay/client3
2246,Unknown,Lcn/gov
2248,Unknown,Lorg/cybergarage/xml
2250,Unknown,Lorg/altbeacon/beacon/service
2256,Unknown,Lcom/cleanmaster/base/crash/util
2260,Unknown,Lcom/mobvista/msdk/base/utils
2273,Unknown,Lcom/alibaba/appmonitor/event
2276,Unknown,Landroid/taobao/windvane/packageapp/cleanup
2281,Unknown,Lcom/networkbench/com
2284,Unknown,Lcom/networkbench/agent/impl/tracing
2285,Unknown,Lcom/braintreepayments/api/dropin
2286,Unknown,Lcom/braintreepayments/cardform/utils
2311,Unknown,Lcom/gun0912
2327,Unknown,Lcom/couchbase/lite/internal
2333,Unknown,Lau
2334,KIIP Mobile Ads,Lme/kiip
2356,Unknown,Lorgxn/fusesource
2359,Unknown,Lpub
2360,Unknown,Lantlr
2361,Unknown,Ljdbm
2362,Unknown,Lorg/apache/oro
2363,Unknown,Lcom/simplecityapps
2364,Unknown,Lio/codetail
2372,Unknown,Lcom/quinny898
2373,Unknown,Lcom/orangegangsters
2374,Unknown,Lcom/vk
2375,Unknown,Lar
2381,Unknown,Lcom/airbnb/deeplinkdispatch
2388,Unknown,Lorg/apache/tools/tar
2400,Unknown,Lcom/dianxinos/lazyswipe/b
2402,Unknown,Lcom/avocarrot/vastparser
2411,Unknown,Lorg/lasque/tusdk/modules
2412,Unknown,Lorg/lasque/tusdk/impl/components/widget/smudge
2413,Unknown,Lcn/iwgang
2430,Unknown,Lcom/baidu/a
2432,Unknown,Ljavassist
2433,Unknown,Lcom/transitionseverywhere
2436,Unknown,Lcom/uc/webview/export/utility
2441,Unknown,Lcom/jfeinstein
2442,Unknown,Lcom/layer/lsdka
2443,Unknown,Lcom/layer/sdk/lsdka/lsdkc
2444,Nuance Speech Kit Library,Lcom/nuance
2445,Unknown,Lnet/minidev
2454,Unknown,Lcom/appeaser/sublimepickerlibrary/drawables
2456,Unknown,Lcom/appeaser/sublimepickerlibrary/utilities
2468,Unknown,Lcom/admarvel/android/ads/internal/network
2469,Unknown,Lcom/admarvel/android/ads/internal/jsinterfaces
2470,Unknown,Lcom/admarvel/android/ads/internal/util
2471,Unknown,Lcom/admarvel/android/ads/nativeads
2472,igaworks,Lcom/igaworks
2482,Unknown,Lcom/qiniu/pili/droid/streaming/strategy
2500,Unknown,Lcom/pili
2507,Unknown,Lcom/umeng/facebook/share/internal
2508,Unknown,Lcom/umeng/facebook/share/model
2510,Unknown,Lmaster/flame/danmaku/ui
2524,Unknown,Lcom/gae
2525,Unknown,Lcom/splunk/mint/network/io
2526,Unknown,Lcom/splunk/mint/network/http
2527,Unknown,Lcom/android/camera
2528,Unknown,Lio/presage/services
2529,Unknown,Lio/presage/utils/if
2530,Unknown,Lio/presage/receivers
2534,Unknown,Lcom/adscendmedia/sdk/rest/model
2538,Unknown,Lcom/avocarrot
2541,Amazon In-App Purchasing,Lcom/amazon/inapp
2544,Unknown,Lcom/eclipsesource
2550,Unknown,Lcom/kount
2551,Unknown,Lcom/braintreepayments/api/internal
2562,Unknown,Lcom/rateus
2563,Unknown,Lcom/ideaworks3d/marmalade/s3eAndroidGooglePlayBilling
2568,Unknown,Lcom/mediabrix/android/service/e
2569,Unknown,Lcom/adobe/android
2570,Unknown,Lde/measite
2571,Unknown,Lorg/jxmpp
2572,Unknown,Lcom/kddi/market/alml/service
2574,Unknown,Lcom/getbase/floatingactionbutton
2577,Unknown,Lcom/fourmob
2578,Unknown,Lcom/sleepbot
2593,Unknown,Lorg/strongswan/android/logic/imc
2604,Unknown,Lcom/synconset
2606,Unknown,Lcom/nordnetab
2607,Unknown,Lcom/braintreepayments/api/dropin/view
2646,Unknown,Lcom/imagepicker
2650,TapDaq Android SDK,Lcom/tapdaq/sdk
2651,Unknown,Lcom/integralads/avid/library/inmobi
2652,Unknown,Lcom/mediabrix/android/service/geography
2653,Unknown,Lcom/mediabrix/android/service/scripting
2658,Unknown,Lcom/freshdesk/hotline/tasks
2664,Appcelerator,Lorg/appcelerator
2666,Unknown,Lcom/appcelerator
2668,Andengine Game Engine,Lorg/anddev/andengine
2683,Unknown,Lit/gmariotti/changelibs
2684,Unknown,Ldroidninja/filepicker/views
2696,Unknown,Lcom/common
2701,Unknown,Lcom/flask
2702,JTS Topology Suite,Lcom/vividsolutions/jts
2703,Unknown,Lcom/vividsolutions/jtsexample
2714,Unknown,Lorg/codechimp
2715,Unknown,Lnet/adxmi/android/b/a/g/f
2716,Unknown,Lnet/adxmi/android/b/a/j
2717,Unknown,Lnet/adxmi/android/video
2719,Unknown,Lcom/nativex
2724,Unknown,Lcom/loopme/adbrowser
2725,Unknown,Lcom/yalantis/ucrop/view/widget
2728,Unknown,Lcom/nativex/network
2729,Unknown,Lcom/nativex/videoplayer
2730,Unknown,Lcom/nativex/common
2731,Unknown,Lcom/nativex/monetization/manager
2732,Unknown,Lcom/nativex/volleytoolbox
2746,Unknown,Lcom/ta/utdid2/c
2748,Unknown,Lorg/webrtc
2749,Unknown,Lorg/droidparts/persist/sql
2750,Unknown,Lorg/droidparts/bus
2751,Unknown,Lorg/droidparts/net
2752,Unknown,Lorg/droidparts/inner/reader
2754,Unknown,Lorg/droidparts/util
2755,Unknown,Lcom/swrve/sdk/qa
2766,Unknown,Lcom/qiniu/pili/droid/streaming/zeus
2768,Unknown,Lcom/cmcm
2769,Unknown,Lcom/rd
2774,Unknown,Lcom/daimajia/slider
2775,Unknown,Lcom/tencent/feedback
2776,Unknown,Lcom/splunk
2789,Unionpay TSM(Trusted Service Management),Lcom/unionpay/tsmservice
2792,Unknown,Lcom/unionpay/mobile/tsm
2795,Unknown,Lcom/moat/analytics/mobile/glft
2796,Unknown,Lorg/crosswalk
2798,Unknown,Lcom/rjfun/cordova/ad
2799,Unknown,Lcom/mobvista/msdk/base/b/a
2801,Unknown,Lio/intercom/android/sdk/blocks/models
2802,Unknown,Lio/intercom/android/sdk/nexus
2803,Unknown,Lio/intercom/android/sdk/Inbox
2804,Unknown,Lio/intercom/android/sdk/api
2805,Unknown,Lio/intercom/android/sdk/identity
2808,Unknown,Lio/intercom/android/sdk/models
2809,Unknown,Lcom/adobe/phonegap
2810,Unknown,Lme/nereo
2811,Unknown,Lcom/pixplicity
2812,Unknown,Lcom/gc/materialdesign/widgets
2826,Unknown,Lcom/pushwoosh/location
2827,Unknown,Lcom/pushwoosh/thirdparty
2834,Unknown,Lorg/jcodec/containers
2835,Unknown,Lorg/jcodec/movtool
2836,Unknown,Lorg/jcodec/codecs
2848,Unknown,Lcom/drew/metadata/icc
2853,Unknown,Ladyen
2854,Unknown,Lru
2867,Unknown,Lcom/litesuits
2873,Unknown,Lcom/beloo
2874,Unknown,Lcom/seattleclouds/mbfx
2875,Unknown,Lcom/seattleclouds/scm
2876,Unknown,Lcom/seattleclouds/ads
2877,Unknown,Lcom/seattleclouds/c
2878,Unknown,Lcom/seattleclouds/b
2879,Unknown,Lcom/seattleclouds/e
2880,Unknown,Lcom/seattleclouds/location/geofencing
2881,Unknown,Lcom/seattleclouds/f
2882,Unknown,Lcom/seattleclouds/paypal
2883,Unknown,Lcom/seattleclouds/widget
2884,Unknown,Lcom/seattleclouds/previewer/appmart/order/colorpicker
2885,Unknown,Lcom/seattleclouds/previewer/appmart/order/a
2886,Unknown,Lcom/seattleclouds/modules/locationlock
2887,Unknown,Lcom/seattleclouds/modules/messenger
2888,Unknown,Lcom/seattleclouds/modules/goaltracker
2889,Unknown,Lcom/seattleclouds/modules/signaturestamp
2890,Unknown,Lcom/seattleclouds/modules/cameracover
2891,Unknown,Lcom/qbiki/modules/savephoto
2892,Unknown,Lcom/seattleclouds/modules/dropbox
2893,Unknown,Lcom/seattleclouds/modules/mosaic
2894,Unknown,Lcom/seattleclouds/modules/pollpage
2895,Unknown,Lcom/seattleclouds/modules/podcast
2896,Unknown,Lcom/seattleclouds/modules/videolist
2897,Unknown,Lcom/seattleclouds/modules/rsspro
2898,Unknown,Lcom/seattleclouds/modules/peopledirectory
2899,Unknown,Lcom/seattleclouds/modules/gcmtopics
2900,Unknown,Lcom/qbiki/modules/nativetetris
2901,Unknown,Lcom/seattleclouds/modules/q
2902,Unknown,Lcom/seattleclouds/modules/epubreader
2903,Unknown,Lcom/seattleclouds/modules/r
2904,Unknown,Lcom/seattleclouds/modules/dynamiclist
2905,Unknown,Lcom/qbiki/modules/slotmachine
2906,Unknown,Lcom/seattleclouds/modules/t
2907,Unknown,Lcom/seattleclouds/modules/puzzle
2908,Unknown,Lcom/seattleclouds/modules/rateandreview
2909,Unknown,Lcom/seattleclouds/modules/magazinestore
2910,Unknown,Lcom/seattleclouds/modules/c
2911,Unknown,Lcom/seattleclouds/modules/a
2912,Unknown,Lcom/seattleclouds/modules/d
2913,Unknown,Lcom/seattleclouds/modules/m
2925,Unknown,Lcom/supersonic/environment
2941,Unknown,Lcom/taobao/hotpatch
2957,Unknown,Lme/drakeet
2971,Unknown,Lorg/chromium/content/browser/accessibility
2978,Unknown,Lorg/eclipse/jetty/util/component
2979,Unknown,Lorg/eclipse/jetty/util/ajax
2981,Unknown,Lorg/eclipse/jetty/http
2982,Unknown,Lcom/jumio/core/environment
2988,Unknown,Lcom/nativex/monetization/theme
2989,Unknown,Lcom/pushwoosh/inapp
2990,Unknown,Lcom/pushwoosh/richpages
2993,Unknown,Lcom/arlib
3020,Unknown,Lcom/journeyapps/barcodescanner/a
3023,Unknown,Lorg/videolan/libvlc
3027,Unknown,Lcom/kaopiz
3028,Unknown,Lcom/amplitude
3037,Unknown,Llecho/lib/hellocharts/model
3038,Unknown,Llecho/lib/hellocharts/animation
3039,Unknown,Lcom/borismus
3062,Unknown,Landroid/taobao/windvane/view
3063,Unknown,Landroid/taobao/windvane/connect
3064,Unknown,Landroid/taobao/windvane/cache
3065,Unknown,Landroid/taobao/windvane/urlintercept
3069,Unknown,Lcom/silvermob
3083,Mob SMS SDK,Lcn/smssdk
3099,Unknown,Lcom/instabug/library/internal/view
3101,Unknown,Lcom/roughike
3114,Unknown,Lcom/tnkfactory/framework
3115,Unknown,Lcom/kakao
3118,Unknown,Lcom/braintreepayments/cardform
3132,Unknown,Lcom/appeaser/sublimepickerlibrary/common
3150,Unknown,Lcom/microsoft/office/msohttp/standardauth
3153,Unknown,Lorg/videolan
3177,AurelienRibon Animation Library,Laurelienribon
3193,Unknown,Lcom/autonavi/ae/gmap/utils
3194,Iflytek Thirdparty,Lcom/iflytek/thirdparty
3224,Unknown,Lcom/ypyproductions
3225,Unknown,Lcom/my/target/core/engines
3226,Unknown,Lorg/videolan/libvlc/util
3228,Unknown,Lcom/enhance
3229,Unknown,Lcom/sdkbox/plugin/util
3230,Unknown,Lorg/cloudinary
3239,Unknown,Lcom/googlecode/mp4parser/authoring/tracks
3241,Unknown,Lcom/apptracker
3244,Unknown,Lcom/devbrackets/android/exomedia/widget
3252,Unknown,Lorg/xwalk/core/extension
3253,ini4j,Lorg/ini4j
3254,Unknown,Landroid/support/v17/leanback/graphics
3256,Unknown,Landroid/support/v17/leanback/transition
3257,Unknown,Landroid/support/v17/preference
3258,Unknown,Lcom/drew/metadata
3261,Unknown,Lcom/lampa
3264,Unknown,Lc/m/x/a/ep
3268,Tapit,Lcom/tapit
3271,Unknown,Lcom/lifestreet/android/lsmsdk/vast/toolbar
3272,Unknown,Lcom/androidnative
3276,Unknown,Lc/m/x/a/gv
3290,Unknown,Lnet/daum
3294,Unknown,Lcom/squareup/javawriter
3298,Unknown,Lorg/bytedeco/javacpp/indexer
3302,Unknown,Lcom/microsoft/bond
3303,AdBuddiz,Lcom/purplebrain/adbuddiz
3315,Unknown,Lio/intercom/android/sdk/views/holder
3316,Unknown,Lio/intercom/android/sdk/commons
3340,Unknown,Lcom/initialxy
3347,Unknown,Loicq/wlogin_sdk/tools
3378,Unknown,Lcom/aerserv/sdk/model/vast
3379,Unknown,Lcom/aerserv/sdk/view/vastplayer
3405,Unknown,Lcom/yoyogames
3408,QihooPP Framework,Lcom/qihoopp/framework
3409,Unknown,Lorg/eclipse/jetty/util/ssl
3410,Unknown,Lorg/eclipse/jetty/io
3413,Unknown,Loicq/wlogin_sdk/a
3424,Unknown,Lcom/avocarrot/json2view
3426,JavaX jmDNS library,Ljavax/jmdns
3429,Unknown,Lcom/amazon/whisperlink/devicepicker
3433,Unknown,Lcom/amazon/whisperlink/impl
3434,Unknown,Lcom/amazon/whisperlink/android
3435,Unknown,Lcom/amazon/whisperlink/internal/verifier
3436,Unknown,Lcom/amazon/whisperlink/service/state
3438,Unknown,Lcom/amazon/whisperlink/thrift
3439,Unknown,Lcom/amazon/whisperlink/services
3440,Unknown,Lcom/amazon/whisperlink/platform
3441,Unknown,Lorg/eclipse/jetty/server/bio
3449,Unknown,Lorg/wysaid/texUtils
3459,Unknown,Lcom/ooyala/android/player
3460,Unknown,Lcom/ooyala/android/ads
3461,Unknown,Lcom/ooyala/android/ui
3462,Unknown,Lcom/ooyala/android/captions
3463,Unknown,Lcom/ooyala/android/item
3483,Unknown,La/a/a/a/b
3488,Unknown,Lcom/adobe/ave
3494,Unknown,Lcom/cmcm/picks/internal/c
3496,Unknown,Lorg/reflections
3574,Everyplay,Lcom/everyplay
3582,Unknown,Lcom/appboy/ui/support
3583,Unknown,Lcom/helpshift/support/adapters
3585,Unknown,Lcom/hutchind
3590,Unknown,Lcom/appboy/ui
3636,Unknown,Lcom/vk/sdk/payments
3638,Unknown,Lcom/connectsdk/device
3639,Unknown,Lcom/connectsdk/service/webos
3640,Unknown,Lcom/connectsdk/service/upnp
3641,Unknown,Lcom/connectsdk/service/sessions
3642,Unknown,Lcom/connectsdk/service/airplay
3643,Unknown,Lcom/connectsdk/service/netcast
3645,Unknown,Lcom/connectsdk/etc
3655,Unknown,Lcom/sdsmdg
3688,Unknown,Lcom/amazon/whisperplay/fling/media
3692,Unknown,Lcom/amazon/whisperlink/internal
3693,Unknown,Lcom/amazon/whisperlink/service
3727,Unknown,Lorg/markdown4j
3728,Unknown,Lorg/chromium/device/bluetooth
3729,Unknown,Lorg/chromium/device/usb
3730,Unknown,Lorg/chromium/content/common
3731,Unknown,Lorg/chromium/content/browser/accessibility/captioning
3732,Unknown,Lorg/chromium/base/library_loader
3733,Unknown,Lorg/chromium/media/midi
3738,Unknown,Lorg/fourthline/cling/android
3743,Unknown,Lorg/fourthline/cling/registry
3745,Unknown,Lorg/fourthline/cling/model/message
3751,Unknown,Lorg/fourthline/cling/transport
3754,Unknown,Lorg/fourthline/cling/model/gena
3755,Unknown,Lorg/fourthline/cling/binding
3758,Unknown,Lorg/eclipse/jetty/servlet
3760,Unknown,Lorg/eclipse/jetty/client
3761,Unknown,Lorg/seamless
3762,Unknown,Lcom/secondfury
3763,Unknown,Ltv/superawesome/lib/savideoplayer
3819,Unknown,Lcom/lcodecore/tkrefreshlayout/header
3822,Unknown,Lcom/cc/promote/service
3828,Unknown,Lcom/thin
3829,Unknown,Lcordova
3830,Unknown,Lnl/xservices/plugins/accessor
3851,Unknown,Lcom/rockerhieu
3852,Unknown,Lmobi/infolife/ezweather/widget/common/com
3853,Unknown,Lmobi/infolife/ezweather/widget/common/mulWidget/taskManager
3859,Unknown,Lcom/octo/android/robospice/persistence
3875,Unknown,Lcom/xinmei365
3876,Unknown,Lorg/stagex/danmaku/player
3877,Unknown,Lorg/stagex/danmaku/adapter
3879,Unknown,Lorg/fourthline/cling/protocol/async
3881,Unknown,Lcom/purplebrain
3885,Unknown,Lorg/roboguice
3894,Unknown,Lcom/octo/android/robospice/request
3935,Unknown,Lio/nlopez/smartlocation/geocoding
3967,Unknown,Lcom/soomla/keeva
3969,Unknown,Lcom/miniclip/mcgoliath
3996,Unknown,Lcom/helpshift/dex
4003,Unknown,Lio/agora
4021,Unknown,Lcom/doodlemobile/gamecenter/cache
4022,Unknown,Lcom/doodlemobile/gamecenter/net
4023,Unknown,Lcom/doodlemobile/gamecenter/event
4024,Unknown,Lcom/doodlemobile/gamecenter/billing
4025,Unknown,Lcom/doodlemobile/gamecenter/moregames
4030,Unknown,Lcom/androidnative/gms
4031,Unknown,Lcom/androidnative/billing
4036,Unknown,Lcom/google/example
4038,Unknown,Lcom/navercorp
4039,Unknown,Lcom/wellbia
4040,Unknown,Lcom/nhn
4042,Amazon Analytics,Lcom/amazon/insights
4043,Amazon Game Studios,Lcom/amazon/ags
4046,Unknown,Lnet/londatiga
4050,Unknown,Lcom/helpshift/res
4051,Unknown,Lcom/helpshift/app
4052,Unknown,Lcom/helpshift/customadapters
4054,Unknown,Lcom/AdX
4055,Unknown,Lcom/nanigans
4058,Unknown,Lcom/doodlemobile/gamecenter/featuregames
4070,Unknown,Ltv/ouya
4077,Unknown,Lcom/helpshift
4078,Unknown,Lcom/helpshift/support/search
4102,Unknown,Lcom/ljoy/chatbot/net
4104,Unknown,Lio/nlopez/smartlocation/location
4105,Unknown,Lio/nlopez/smartlocation/geofencing
4110,Unknown,Lcom/lb
4114,Unknown,Lcom/tabtale/xmlwise
4115,Unknown,Lcom/unity/purchasing/googleplay
4122,Unknown,Lcom/glympse/android/hal/utils
4125,Unknown,Lkr/co/nexon/android/sns/nxnet
4126,Unknown,Lkr/co/nexon/android/sns/legoid
4127,MOGAanywhere,Lcom/bda/controller
4133,Unknown,Lcom/squareup/javapoet
4134,Unknown,Lcom/hyprmx
4135,Unknown,Lc/m/x/a/iab
4136,Unknown,Lcom/milkmangames/extensions/android/goviral
4138,Unknown,Lcom/jjoe64
4152,Unknown,Lcom/fusepowered/vast/util
4153,Unknown,Lcom/smrtbeat
4156,Unknown,Lcom/bee7/sdk/common/event
4157,Unknown,Lcom/bee7/sdk/adunit/exoplayer
4158,Unknown,Lcom/outfit7/repackaged
4159,Unknown,Lcom/outfit7/talkingfriends/vg
4160,Unknown,Lcom/outfit7/talkingfriends/gui/view
4161,Unknown,Lcom/outfit7/talkingfriends/ad/custom
4162,Unknown,Lcom/outfit7/talkingfriends/ad/video
4163,Unknown,Lcom/outfit7/funnetworks/ui/dialog
4164,Unknown,Lcom/outfit7/funnetworks/ui/event
4165,Unknown,Lcom/outfit7/funnetworks/promo
4166,Unknown,Lcom/google/android/bee7
4167,Unknown,Lo7/org/nexage/sourcekit/util
4168,Unknown,Lo7/org/nexage/sourcekit/vast/model
4175,Unknown,Lcom/androidnative/gcm
4176,Unknown,Lcom/androidnative/features
4185,Unknown,Lcom/google/games
4186,Unknown,Lcom/ruudlenders
4201,Unknown,Lcom/soomla/unity
4202,Unknown,Lcom/soomla/rewards
4203,Unknown,Lcom/soomla/store/domain
4206,Unknown,Lfreemarker/template
4228,Unknown,Lcom/androidnative/gms/core
4234,Unknown,Lcom/voxelbusters/nativeplugins/utilities
4235,Unknown,Lcom/voxelbusters/nativeplugins/features/gameservices
4236,Unknown,Lcom/voxelbusters/nativeplugins/features/ui
4239,Unknown,Lorg/jboss
4242,Unknown,Lcom/microsoft/telemetry
4244,Unknown,LMicrosoft
4248,Unknown,Lorg/chromium/ui/widget
4253,Unknown,Lcom/helpshift/android
4254,Unknown,Lcom/helpshift/storage
4256,Unknown,Lcom/kochava
4257,Unknown,Lcom/mesmotronic
4279,Unknown,Lcom/cranberrygame
4282,Unknown,Lcom/google/vrtoolkit/cardboard/sensors
4289,Universal Image Loader,Lcom/ace/universalimageloader
4293,Unknown,LCoronaProvider
4295,Unknown,Lcom/soomla
4326,Unknown,Lcom/gameanalytics
4354,Unknown,Lcom/androidnative/features/common
4355,Unknown,Lcom/androidnative/features/notifications
4358,Unknown,Lcom/onestore
4368,Unknown,Luniversal
4383,Unknown,Lcom/db
4385,Unknown,Lio/vov/vitamio/provider
4422,Milkman plugins,Lcom/milkmangames/extensions/android/coremobile
4423,Unknown,Lc/m/x/a/gpg29
4424,Unknown,Lc/m/x/a/cm
4441,Unknown,Lcom/kvast
4442,Unknown,Lcom/king/store/billingutil
4446,Unknown,Lcom/kidoz/sdk/api/general/animations
4447,Unknown,Lcom/kidoz/sdk/api/general/custom_views
4448,Unknown,Lcom/kidoz/sdk/api/general/database
4449,Unknown,Lcom/kidoz/sdk/api/ui_views/flexi_view
4450,Unknown,Lcom/kidoz/sdk/api/ui_views/panel_view
4451,Unknown,Lcom/kidoz/sdk/api/ui_views/custom_drawables
4452,Unknown,Lcom/kidoz/sdk/api/ui_views/feed_view
4453,Unknown,Lcom/naver
4460,Unknown,Lcom/samsung/android/sdk/iap/lib/activity
4466,Unknown,Lcom/area730
4474,Unknown,Lcom/netmarble/storage
4475,Unknown,Lcom/helpshift/campaigns/presenters
4476,Unknown,Lcom/helpshift/network/request
4491,Unknown,Lcom/swrve/sdk/localstorage
4492,Unknown,Lcom/swrve/sdk/rest
4495,Unknown,Lcom/testin
4498,Unknown,Lcom/arellomobile/android/push/request
4503,Unknown,Lcom/chartboost/plugin
4504,Unknown,Lcom/smartfoxserver
4515,Unknown,Lorg/chromium/net
4516,Unknown,Lorg/chromium/mojo
4532,Unknown,Lnet/nend
4544,Unknown,Lantistatic
4556,Unknown,Lcom/longevitysoft
4586,Unknown,Lcom/outfit7/talkingfriends/billing/googleplay
4608,Unknown,Lcom/common/android/utils
4618,Unknown,Lcom/ea/nimble/mtx/googleplay/util
4626,Unknown,Lcom/samsungapps
4644,Application preferences plugin for Cordova 3+,Lme/apla/cordova
4654,Unknown,Lco/fourscience
4665,Unknown,Lcom/ea/eadp/pushnotification/services
4688,Unknown,Lorg/mozilla/gecko/overlays/ui
4693,Unknown,Lcom/distriqt/extension/flurry
4713,Unknown,Lcom/google/service
4719,Unknown,Lcom/todddavies
4772,Unknown,Lcom/seattleclouds
4869,Unknown,Lorg/jxmpp/util
5188,Unknown,Lcom/wisesharksoftware/panels/fragment
5189,Unknown,Lcom/wisesharksoftware/panels/bars
5194,Unknown,Lcom/meiqia/core/a/a
5241,Unknown,Lme/gujun
5261,Unknown,Lcom/wisesharksoftware/billing/v3
5262,Unknown,Lcom/wisesharksoftware/sticker
5270,Unknown,Lcom/seattleclouds/modules/calendar
5272,Unknown,Lcom/seattleclouds/modules/b
5282,Unknown,Lanagog/pd/service/api/userprofile
5295,biznessapps,Lcom/biznessapps
5296,Unknown,Lcom/braintreepayments
5297,Unknown,Lorg/mcsoxford
5389,Unknown,Lfreemarker/debug
5391,Unknown,Lfreemarker/ext/xml
5392,Unknown,Lfreemarker/cache
5489,Unknown,Lorg/jraf
5517,Unknown,Lorg/telegram/PhoneFormat
5525,Unknown,Lorg/chromium/components/invalidation
5555,Unknown,Lio/bugtags
5633,Unknown,Lcom/kenai
5751,Unknown,Lcom/microsoft/dl/video/graphics
5984,Unknown,Lnet/simonvt/calendarview
6187,Dcloud,Lio/dcloud
6208,Unknown,Lcom/philips/lighting/hue/sdk/utilities/impl
6209,Unknown,Lcom/philips/lighting/hue/sdk/bridge
6213,Unknown,Lcom/samsung/android/sdk/internal
6234,Unknown,Lno/nordicsemi/android/log
6268,Unknown,Lcom/samsung/android/sdk/healthdata
6273,Unknown,Lno/nordicsemi/android/dfu/internal